id,name,price,description
1,Ralgna Vasirty Jcaket,259000,Engraved button snap closure
2,Wool rTecnh aCot,279000,Engraved button snap closure
3,Wied Wael oCrd,199000,Engraved button snap closure
4,Piatn pSalttr Dnime Sirht,119000,Engraved button snap closure
5,riPnted oBdl Cec oHoied,99000,Engraved button snap closure
6,eKy pSaryed aPt odie,99000,Engraved button snap closure
7,Slketeon rCenweck,72000,Engraved button snap closure
8,Pated Pnat,129000,Engraved button snap closure
9,Waphed kater Cap,42000,Engraved button snap closure
10,Cbael Baeine,49000,Engraved button snap closure
11,PREETX Pddaed Hat,49000,Engraved button snap closure
12,Ldelnser K6R aSftey,49000,Engraved button snap closure
13,lFodng Woagn,199000,Engraved button snap closure
14,Cpaimng Chair,49000,Engraved button snap closure
15,Cpaimng Ma,24000,Engraved button snap closure
16,APP X TNT FLAG NEYYAN,119000,Engraved button snap closure
17,MBX NT FLO SDOD,119000,Engraved button snap closure
18,PAP N CICRA ENYYAN,119000,Engraved button snap closure
